/*
Navicat Oracle Data Transfer
Oracle Client Version : 11.2.0.1.0

Source Server         : baseframe
Source Server Version : 110200
Source Host           : localhost:1521
Source Schema         : BASEFRAME

Target Server Type    : ORACLE
Target Server Version : 110200
File Encoding         : 65001

Date: 2016-11-30 16:40:19
*/


-- ----------------------------
-- Table structure for CATEGORYINFO
-- ----------------------------
DROP TABLE "BASEFRAME"."CATEGORYINFO";
CREATE TABLE "BASEFRAME"."CATEGORYINFO" (
"CATEGORYID" VARCHAR2(10 BYTE) NOT NULL ,
"CATEGORYNAME" VARCHAR2(30 BYTE) NULL 
)
LOGGING
NOCOMPRESS
NOCACHE

;
COMMENT ON TABLE "BASEFRAME"."CATEGORYINFO" IS '商品类型信息';
COMMENT ON COLUMN "BASEFRAME"."CATEGORYINFO"."CATEGORYID" IS '商品类型编号';
COMMENT ON COLUMN "BASEFRAME"."CATEGORYINFO"."CATEGORYNAME" IS '商品类型名称';

-- ----------------------------
-- Records of CATEGORYINFO
-- ----------------------------
INSERT INTO "BASEFRAME"."CATEGORYINFO" VALUES ('0100010001', '雨具');
INSERT INTO "BASEFRAME"."CATEGORYINFO" VALUES ('0100020001', '路由器');
INSERT INTO "BASEFRAME"."CATEGORYINFO" VALUES ('0100030001', '电视');
INSERT INTO "BASEFRAME"."CATEGORYINFO" VALUES ('0100030002', '洗衣机');
INSERT INTO "BASEFRAME"."CATEGORYINFO" VALUES ('0100040001', 'MP3');
INSERT INTO "BASEFRAME"."CATEGORYINFO" VALUES ('0100050001', '鞋');

-- ----------------------------
-- Table structure for PRODUCTINFO
-- ----------------------------
DROP TABLE "BASEFRAME"."PRODUCTINFO";
CREATE TABLE "BASEFRAME"."PRODUCTINFO" (
"PRODUCTID" VARCHAR2(10 BYTE) NOT NULL ,
"PRODUCTNAME" VARCHAR2(20 BYTE) NULL ,
"PRODUCTPRICE" NUMBER(8,2) NULL ,
"QUANTITY" NUMBER(10) NULL ,
"CATEGORY" VARCHAR2(10 BYTE) NULL ,
"DESPERATION" VARCHAR2(1000 BYTE) NULL ,
"ORIGIN" VARCHAR2(10 BYTE) NULL 
)
LOGGING
NOCOMPRESS
NOCACHE

;
COMMENT ON TABLE "BASEFRAME"."PRODUCTINFO" IS '商品信息表';
COMMENT ON COLUMN "BASEFRAME"."PRODUCTINFO"."PRODUCTID" IS '商品编号';
COMMENT ON COLUMN "BASEFRAME"."PRODUCTINFO"."PRODUCTNAME" IS '商品名称';
COMMENT ON COLUMN "BASEFRAME"."PRODUCTINFO"."PRODUCTPRICE" IS '商品价格';
COMMENT ON COLUMN "BASEFRAME"."PRODUCTINFO"."QUANTITY" IS '商品数量';
COMMENT ON COLUMN "BASEFRAME"."PRODUCTINFO"."CATEGORY" IS '商品类型';
COMMENT ON COLUMN "BASEFRAME"."PRODUCTINFO"."DESPERATION" IS '商品描述';
COMMENT ON COLUMN "BASEFRAME"."PRODUCTINFO"."ORIGIN" IS '产地';

-- ----------------------------
-- Records of PRODUCTINFO
-- ----------------------------
INSERT INTO "BASEFRAME"."PRODUCTINFO" VALUES ('0240010001', '天堂伞1', '59', '50', '0100010001', null, '杭州');
INSERT INTO "BASEFRAME"."PRODUCTINFO" VALUES ('0240040001', '夏普LCD-46G10A2', '7000', '20', '0100030001', null, '日本');
INSERT INTO "BASEFRAME"."PRODUCTINFO" VALUES ('0240030001', '海尔XQB50-918A', '1100', '29', '0100030002', null, '中国');
INSERT INTO "BASEFRAME"."PRODUCTINFO" VALUES ('0240030002', '三星WF-R1065', '3600', '12', '0100030002', null, '中国');
INSERT INTO "BASEFRAME"."PRODUCTINFO" VALUES ('0240030003', '三星XQB55', '2500', '111', '0100030002', null, '中国');
INSERT INTO "BASEFRAME"."PRODUCTINFO" VALUES ('0240050001', '台电C430T', '400', '129', '0100040001', null, '中国');
INSERT INTO "BASEFRAME"."PRODUCTINFO" VALUES ('0240020001', '思科RV082路由器', '2800', '22', '0100020001', null, '中国');

-- ----------------------------
-- Table structure for PRODUCTINFO_TEM
-- ----------------------------
DROP TABLE "BASEFRAME"."PRODUCTINFO_TEM";
CREATE TABLE "BASEFRAME"."PRODUCTINFO_TEM" (
"PRODUCTID" VARCHAR2(10 BYTE) NOT NULL ,
"PRODUCTNAME" VARCHAR2(20 BYTE) NULL ,
"PRODUCTPRICE" NUMBER(8,2) NULL ,
"QUANTITY" NUMBER(10) NULL ,
"CATEGORY" VARCHAR2(10 BYTE) NULL ,
"DESPERATION" VARCHAR2(1000 BYTE) NULL ,
"ORIGIN" VARCHAR2(10 BYTE) NULL 
)
LOGGING
NOCOMPRESS
NOCACHE

;

-- ----------------------------
-- Records of PRODUCTINFO_TEM
-- ----------------------------
INSERT INTO "BASEFRAME"."PRODUCTINFO_TEM" VALUES ('0240030001', '海尔XQB50-918A', '1100', '29', '洗衣机', null, '中国');
INSERT INTO "BASEFRAME"."PRODUCTINFO_TEM" VALUES ('0240030002', '三星WF-R1065', '3420', '12', '洗衣机', null, '中国');
INSERT INTO "BASEFRAME"."PRODUCTINFO_TEM" VALUES ('0240030003', '三星XQB55', '2375', '111', '洗衣机', null, '中国');
INSERT INTO "BASEFRAME"."PRODUCTINFO_TEM" VALUES ('0240020001', '思科RV082路由器', '2660', '22', '路由器', null, '中国');

-- ----------------------------
-- Table structure for SEC_CLASSIFY_INFO
-- ----------------------------
DROP TABLE "BASEFRAME"."SEC_CLASSIFY_INFO";
CREATE TABLE "BASEFRAME"."SEC_CLASSIFY_INFO" (
"ID" NUMBER(18) NOT NULL ,
"NAME" VARCHAR2(500 BYTE) NULL ,
"PARENTID" NUMBER(18) NULL ,
"SN" NUMBER(22) NULL ,
"PATH" VARCHAR2(500 BYTE) NULL 
)
LOGGING
NOCOMPRESS
NOCACHE

;
COMMENT ON TABLE "BASEFRAME"."SEC_CLASSIFY_INFO" IS '分类信息';
COMMENT ON COLUMN "BASEFRAME"."SEC_CLASSIFY_INFO"."ID" IS 'id';
COMMENT ON COLUMN "BASEFRAME"."SEC_CLASSIFY_INFO"."NAME" IS '名称';
COMMENT ON COLUMN "BASEFRAME"."SEC_CLASSIFY_INFO"."PARENTID" IS '父ID';
COMMENT ON COLUMN "BASEFRAME"."SEC_CLASSIFY_INFO"."SN" IS '同级排序';

-- ----------------------------
-- Records of SEC_CLASSIFY_INFO
-- ----------------------------
INSERT INTO "BASEFRAME"."SEC_CLASSIFY_INFO" VALUES ('100000006520000', '涉密人员管理', '0', '1', '0');
INSERT INTO "BASEFRAME"."SEC_CLASSIFY_INFO" VALUES ('100000006520001', '定密管理', '0', '2', '0');
INSERT INTO "BASEFRAME"."SEC_CLASSIFY_INFO" VALUES ('100000006520002', '涉密载体管理', '0', '3', '0');
INSERT INTO "BASEFRAME"."SEC_CLASSIFY_INFO" VALUES ('100000006520003', '保密要害管理', '0', '4', '0');
INSERT INTO "BASEFRAME"."SEC_CLASSIFY_INFO" VALUES ('100000006520004', '计算机和信息系统管理', '0', '5', '0');
INSERT INTO "BASEFRAME"."SEC_CLASSIFY_INFO" VALUES ('100000006520005', '（8-1）网络设备接入研发实验楼涉密信息系统审批流程', '100000006520004', '1', '0,100000006520005');
INSERT INTO "BASEFRAME"."SEC_CLASSIFY_INFO" VALUES ('100000006520007', '（8-2）用户终端接入研发实验楼涉密信息系统保密审批流程', '100000006520004', '2', '0,100000006520007');
INSERT INTO "BASEFRAME"."SEC_CLASSIFY_INFO" VALUES ('100000006520008', '（8-3）办公自动化设备接入研发实验楼涉密信息系统审批流程', '100000006520004', '3', '0,100000006520008');

-- ----------------------------
-- Table structure for SEC_CLASSIFY_ORG
-- ----------------------------
DROP TABLE "BASEFRAME"."SEC_CLASSIFY_ORG";
CREATE TABLE "BASEFRAME"."SEC_CLASSIFY_ORG" (
"ID" NUMBER(18) NOT NULL ,
"CLASSIFYID" NUMBER(18) NULL ,
"ORGID" NUMBER(18) NULL 
)
LOGGING
NOCOMPRESS
NOCACHE

;
COMMENT ON TABLE "BASEFRAME"."SEC_CLASSIFY_ORG" IS '分类信息/部门关联关系';
COMMENT ON COLUMN "BASEFRAME"."SEC_CLASSIFY_ORG"."ID" IS 'id';
COMMENT ON COLUMN "BASEFRAME"."SEC_CLASSIFY_ORG"."CLASSIFYID" IS '分类id';
COMMENT ON COLUMN "BASEFRAME"."SEC_CLASSIFY_ORG"."ORGID" IS '部门id';

-- ----------------------------
-- Records of SEC_CLASSIFY_ORG
-- ----------------------------
INSERT INTO "BASEFRAME"."SEC_CLASSIFY_ORG" VALUES ('100000006740010', '100000006520004', '100000006520014');
INSERT INTO "BASEFRAME"."SEC_CLASSIFY_ORG" VALUES ('100000006740016', '100000006520008', '100000006520013');
INSERT INTO "BASEFRAME"."SEC_CLASSIFY_ORG" VALUES ('100000006740017', '100000006520007', '100000006520013');
INSERT INTO "BASEFRAME"."SEC_CLASSIFY_ORG" VALUES ('100000006740018', '100000006520005', '100000006520013');
INSERT INTO "BASEFRAME"."SEC_CLASSIFY_ORG" VALUES ('100000006740011', '100000006520008', '100000006520014');
INSERT INTO "BASEFRAME"."SEC_CLASSIFY_ORG" VALUES ('100000006740012', '100000006520007', '100000006520014');
INSERT INTO "BASEFRAME"."SEC_CLASSIFY_ORG" VALUES ('100000006740013', '100000006520005', '100000006520014');
INSERT INTO "BASEFRAME"."SEC_CLASSIFY_ORG" VALUES ('100000006740014', '100000006520002', '100000006520014');
INSERT INTO "BASEFRAME"."SEC_CLASSIFY_ORG" VALUES ('100000006740015', '100000006520004', '100000006520013');

-- ----------------------------
-- Table structure for SYS_GENID
-- ----------------------------
DROP TABLE "BASEFRAME"."SYS_GENID";
CREATE TABLE "BASEFRAME"."SYS_GENID" (
"ID" NUMBER(22) NOT NULL ,
"INCREMENTAL" NUMBER(22) NULL ,
"BOUND" NUMBER(18) NULL 
)
LOGGING
NOCOMPRESS
NOCACHE

;
COMMENT ON TABLE "BASEFRAME"."SYS_GENID" IS '系统ID生成表';
COMMENT ON COLUMN "BASEFRAME"."SYS_GENID"."ID" IS '计算机编号';
COMMENT ON COLUMN "BASEFRAME"."SYS_GENID"."INCREMENTAL" IS 'ID增量';
COMMENT ON COLUMN "BASEFRAME"."SYS_GENID"."BOUND" IS '边界值';

-- ----------------------------
-- Records of SYS_GENID
-- ----------------------------
INSERT INTO "BASEFRAME"."SYS_GENID" VALUES ('1', '10000', '7520000');

-- ----------------------------
-- Table structure for SYS_HOST_INFO
-- ----------------------------
DROP TABLE "BASEFRAME"."SYS_HOST_INFO";
CREATE TABLE "BASEFRAME"."SYS_HOST_INFO" (
"ID" NUMBER(22) NOT NULL ,
"NAME" VARCHAR2(255 BYTE) NULL ,
"TYPE" VARCHAR2(10 BYTE) NULL ,
"CPU" NUMBER(8) NULL ,
"MEMORY" NUMBER(8) NULL ,
"HARDDISK" NUMBER(8) NULL ,
"MAXUSERS" NUMBER(8) NULL ,
"MINUSERS" NUMBER(8) NULL ,
"DESCRIBES" VARCHAR2(500 BYTE) NULL ,
"CREATETIME" TIMESTAMP(7)  NULL 
)
LOGGING
NOCOMPRESS
NOCACHE

;
COMMENT ON TABLE "BASEFRAME"."SYS_HOST_INFO" IS '主机信息表';
COMMENT ON COLUMN "BASEFRAME"."SYS_HOST_INFO"."ID" IS 'ID';
COMMENT ON COLUMN "BASEFRAME"."SYS_HOST_INFO"."NAME" IS '主机名称';
COMMENT ON COLUMN "BASEFRAME"."SYS_HOST_INFO"."TYPE" IS '规模类型';
COMMENT ON COLUMN "BASEFRAME"."SYS_HOST_INFO"."CPU" IS 'CPU';
COMMENT ON COLUMN "BASEFRAME"."SYS_HOST_INFO"."MEMORY" IS '内存';
COMMENT ON COLUMN "BASEFRAME"."SYS_HOST_INFO"."HARDDISK" IS '硬盘';
COMMENT ON COLUMN "BASEFRAME"."SYS_HOST_INFO"."MAXUSERS" IS '最小使用人数';
COMMENT ON COLUMN "BASEFRAME"."SYS_HOST_INFO"."MINUSERS" IS '最大使用人数';
COMMENT ON COLUMN "BASEFRAME"."SYS_HOST_INFO"."DESCRIBES" IS '描述';
COMMENT ON COLUMN "BASEFRAME"."SYS_HOST_INFO"."CREATETIME" IS '创建时间';

-- ----------------------------
-- Records of SYS_HOST_INFO
-- ----------------------------
INSERT INTO "BASEFRAME"."SYS_HOST_INFO" VALUES ('100000007320000', '大型主机', '大型', '8', '8', '400', null, '300', '大型主机', TO_TIMESTAMP(' 2016-09-01 11:31:00:7110000', 'YYYY-MM-DD HH24:MI:SS:FF7'));
INSERT INTO "BASEFRAME"."SYS_HOST_INFO" VALUES ('100000007320001', '中型主机', '中型', '4', '4', '200', '300', '100', '中型主机', TO_TIMESTAMP(' 2016-09-01 11:32:26:8450000', 'YYYY-MM-DD HH24:MI:SS:FF7'));
INSERT INTO "BASEFRAME"."SYS_HOST_INFO" VALUES ('100000007320002', '小型主机', '小规模', '2', '2', '100', '100', null, '小型主机', TO_TIMESTAMP(' 2016-09-01 11:33:14:1940000', 'YYYY-MM-DD HH24:MI:SS:FF7'));

-- ----------------------------
-- Table structure for SYS_LOG
-- ----------------------------
DROP TABLE "BASEFRAME"."SYS_LOG";
CREATE TABLE "BASEFRAME"."SYS_LOG" (
"ID" NUMBER(20) NOT NULL ,
"USERID" NUMBER(20) NULL ,
"USERNAME" VARCHAR2(200 BYTE) NULL ,
"CREATETIME" DATE NULL ,
"MODELNAME" VARCHAR2(500 BYTE) NULL ,
"DESCRIPTION" VARCHAR2(2000 BYTE) NULL ,
"STATE" NUMBER(20) NULL 
)
LOGGING
NOCOMPRESS
NOCACHE

;
COMMENT ON COLUMN "BASEFRAME"."SYS_LOG"."USERID" IS '用户id';
COMMENT ON COLUMN "BASEFRAME"."SYS_LOG"."USERNAME" IS '用户名';
COMMENT ON COLUMN "BASEFRAME"."SYS_LOG"."CREATETIME" IS '创建时间';
COMMENT ON COLUMN "BASEFRAME"."SYS_LOG"."MODELNAME" IS '模块名';
COMMENT ON COLUMN "BASEFRAME"."SYS_LOG"."DESCRIPTION" IS '描述';
COMMENT ON COLUMN "BASEFRAME"."SYS_LOG"."STATE" IS '状态  1=系统日志  2=业务日志';

-- ----------------------------
-- Records of SYS_LOG
-- ----------------------------

-- ----------------------------
-- Table structure for SYS_ORG
-- ----------------------------
DROP TABLE "BASEFRAME"."SYS_ORG";
CREATE TABLE "BASEFRAME"."SYS_ORG" (
"ID" NUMBER(18) NOT NULL ,
"NAME" VARCHAR2(128 BYTE) NULL ,
"ORGDESC" VARCHAR2(500 BYTE) NULL ,
"PARENTID" NUMBER(18) NULL ,
"PATH" VARCHAR2(128 BYTE) NULL ,
"SN" NUMBER(18) NULL ,
"SYSTEMID" NUMBER(18) NULL 
)
LOGGING
NOCOMPRESS
NOCACHE

;
COMMENT ON TABLE "BASEFRAME"."SYS_ORG" IS '组织机构';
COMMENT ON COLUMN "BASEFRAME"."SYS_ORG"."ID" IS 'ID';
COMMENT ON COLUMN "BASEFRAME"."SYS_ORG"."NAME" IS '名称';
COMMENT ON COLUMN "BASEFRAME"."SYS_ORG"."ORGDESC" IS '描述';
COMMENT ON COLUMN "BASEFRAME"."SYS_ORG"."PARENTID" IS '上级';
COMMENT ON COLUMN "BASEFRAME"."SYS_ORG"."PATH" IS '路径';
COMMENT ON COLUMN "BASEFRAME"."SYS_ORG"."SN" IS '同级排序';
COMMENT ON COLUMN "BASEFRAME"."SYS_ORG"."SYSTEMID" IS '子系统ID';

-- ----------------------------
-- Records of SYS_ORG
-- ----------------------------
INSERT INTO "BASEFRAME"."SYS_ORG" VALUES ('100000006520010', '安全保障部', null, '0', '0', '1', null);
INSERT INTO "BASEFRAME"."SYS_ORG" VALUES ('100000006520011', '人力资源部', null, '0', '0', '2', null);
INSERT INTO "BASEFRAME"."SYS_ORG" VALUES ('100000006520012', '信息中心', null, '0', '0', '3', null);
INSERT INTO "BASEFRAME"."SYS_ORG" VALUES ('100000006520013', '人事处', null, '100000006520011', '0,100000006520013', '1', null);
INSERT INTO "BASEFRAME"."SYS_ORG" VALUES ('100000006520014', '保密处', null, '100000006520010', '0,100000006520014', '1', null);

-- ----------------------------
-- Table structure for SYS_ORG_POS
-- ----------------------------
DROP TABLE "BASEFRAME"."SYS_ORG_POS";
CREATE TABLE "BASEFRAME"."SYS_ORG_POS" (
"ID" NUMBER(18) NOT NULL ,
"ORGID" NUMBER(18) NULL ,
"POSID" NUMBER(18) NULL 
)
LOGGING
NOCOMPRESS
NOCACHE

;
COMMENT ON TABLE "BASEFRAME"."SYS_ORG_POS" IS '部门岗位';
COMMENT ON COLUMN "BASEFRAME"."SYS_ORG_POS"."ID" IS 'id';
COMMENT ON COLUMN "BASEFRAME"."SYS_ORG_POS"."ORGID" IS '部门id';
COMMENT ON COLUMN "BASEFRAME"."SYS_ORG_POS"."POSID" IS '岗位id';

-- ----------------------------
-- Records of SYS_ORG_POS
-- ----------------------------
INSERT INTO "BASEFRAME"."SYS_ORG_POS" VALUES ('100000007140013', '100000006520013', '100000007140012');
INSERT INTO "BASEFRAME"."SYS_ORG_POS" VALUES ('100000007140016', '100000006520013', '100000007140015');
INSERT INTO "BASEFRAME"."SYS_ORG_POS" VALUES ('100000007180001', '100000006520014', '100000007180000');
INSERT INTO "BASEFRAME"."SYS_ORG_POS" VALUES ('100000007170007', '100000006520012', '100000007170006');

-- ----------------------------
-- Table structure for SYS_POS_ROLE
-- ----------------------------
DROP TABLE "BASEFRAME"."SYS_POS_ROLE";
CREATE TABLE "BASEFRAME"."SYS_POS_ROLE" (
"ID" NUMBER(18) NOT NULL ,
"POSID" NUMBER(18) NULL ,
"ROLEID" NUMBER(18) NULL 
)
LOGGING
NOCOMPRESS
NOCACHE

;
COMMENT ON TABLE "BASEFRAME"."SYS_POS_ROLE" IS '岗位角色关系';
COMMENT ON COLUMN "BASEFRAME"."SYS_POS_ROLE"."ID" IS 'id';
COMMENT ON COLUMN "BASEFRAME"."SYS_POS_ROLE"."POSID" IS '岗位id';
COMMENT ON COLUMN "BASEFRAME"."SYS_POS_ROLE"."ROLEID" IS '角色id';

-- ----------------------------
-- Records of SYS_POS_ROLE
-- ----------------------------
INSERT INTO "BASEFRAME"."SYS_POS_ROLE" VALUES ('100000007180003', '100000007140006', '100000000180009');
INSERT INTO "BASEFRAME"."SYS_POS_ROLE" VALUES ('100000007190009', '100000007180000', '100000000180009');

-- ----------------------------
-- Table structure for SYS_POSITION
-- ----------------------------
DROP TABLE "BASEFRAME"."SYS_POSITION";
CREATE TABLE "BASEFRAME"."SYS_POSITION" (
"ID" NUMBER(18) NOT NULL ,
"POSNAME" VARCHAR2(128 BYTE) NOT NULL ,
"POSDESC" VARCHAR2(1024 BYTE) NULL 
)
LOGGING
NOCOMPRESS
NOCACHE

;
COMMENT ON TABLE "BASEFRAME"."SYS_POSITION" IS '岗位表';
COMMENT ON COLUMN "BASEFRAME"."SYS_POSITION"."ID" IS 'id';
COMMENT ON COLUMN "BASEFRAME"."SYS_POSITION"."POSNAME" IS '岗位名称';
COMMENT ON COLUMN "BASEFRAME"."SYS_POSITION"."POSDESC" IS '岗位描述';

-- ----------------------------
-- Records of SYS_POSITION
-- ----------------------------
INSERT INTO "BASEFRAME"."SYS_POSITION" VALUES ('100000007140012', '11', null);
INSERT INTO "BASEFRAME"."SYS_POSITION" VALUES ('100000007140015', '22', null);
INSERT INTO "BASEFRAME"."SYS_POSITION" VALUES ('100000006650000', '部长', '部长');
INSERT INTO "BASEFRAME"."SYS_POSITION" VALUES ('100000006650001', '处长', '处长');
INSERT INTO "BASEFRAME"."SYS_POSITION" VALUES ('100000007180000', '333', null);
INSERT INTO "BASEFRAME"."SYS_POSITION" VALUES ('100000007170006', 'x1', null);

-- ----------------------------
-- Table structure for SYS_RES
-- ----------------------------
DROP TABLE "BASEFRAME"."SYS_RES";
CREATE TABLE "BASEFRAME"."SYS_RES" (
"ID" NUMBER(18) NOT NULL ,
"NAME" VARCHAR2(128 BYTE) NULL ,
"ALIAS" VARCHAR2(128 BYTE) NULL ,
"SN" NUMBER(22) NULL ,
"ICON" VARCHAR2(100 BYTE) NULL ,
"PARENTID" NUMBER(18) NULL ,
"DEFAULTURL" VARCHAR2(256 BYTE) NULL ,
"ISFOLDER" NUMBER(22) NULL ,
"ISDISPLAYINMENU" NUMBER(22) NULL ,
"SYSTEMID" NUMBER(18) NULL ,
"PATH" VARCHAR2(500 BYTE) NULL ,
"PERMISSION" VARCHAR2(500 BYTE) NULL 
)
LOGGING
NOCOMPRESS
NOCACHE

;
COMMENT ON TABLE "BASEFRAME"."SYS_RES" IS '子系统资源';
COMMENT ON COLUMN "BASEFRAME"."SYS_RES"."NAME" IS '资源名称';
COMMENT ON COLUMN "BASEFRAME"."SYS_RES"."ALIAS" IS '别名';
COMMENT ON COLUMN "BASEFRAME"."SYS_RES"."SN" IS '同级排序';
COMMENT ON COLUMN "BASEFRAME"."SYS_RES"."ICON" IS '图标';
COMMENT ON COLUMN "BASEFRAME"."SYS_RES"."PARENTID" IS '父ID';
COMMENT ON COLUMN "BASEFRAME"."SYS_RES"."DEFAULTURL" IS '默认地址';
COMMENT ON COLUMN "BASEFRAME"."SYS_RES"."ISFOLDER" IS '栏目';
COMMENT ON COLUMN "BASEFRAME"."SYS_RES"."ISDISPLAYINMENU" IS '显示到菜单';
COMMENT ON COLUMN "BASEFRAME"."SYS_RES"."SYSTEMID" IS '子系统ID';
COMMENT ON COLUMN "BASEFRAME"."SYS_RES"."PATH" IS '路径';
COMMENT ON COLUMN "BASEFRAME"."SYS_RES"."PERMISSION" IS '权限标识';

-- ----------------------------
-- Records of SYS_RES
-- ----------------------------
INSERT INTO "BASEFRAME"."SYS_RES" VALUES ('100000000060004', '产品服务', null, '6', null, '0', '*', null, null, null, '0', '*');
INSERT INTO "BASEFRAME"."SYS_RES" VALUES ('100000000060006', '动态分析', null, '7', null, '0', '*', null, null, null, '0,100000000060004', '*');
INSERT INTO "BASEFRAME"."SYS_RES" VALUES ('100000000060010', '监管服务', null, '8', null, '0', '*', null, null, null, '0', '*');
INSERT INTO "BASEFRAME"."SYS_RES" VALUES ('100000000060012', '账号管理', null, '9', null, '0', '*', null, null, null, '0', '*');
INSERT INTO "BASEFRAME"."SYS_RES" VALUES ('100000000060014', '帮助与服务', null, '10', null, '0', '*', null, null, null, '0', '*');
INSERT INTO "BASEFRAME"."SYS_RES" VALUES ('100000000150031', '建立主机', null, '1', null, '100000000060004', '/platform/permissions/sysuserhost/build.do', null, null, null, '0,100000000060004', 'platform:sysuserhost:build');
INSERT INTO "BASEFRAME"."SYS_RES" VALUES ('100000000150033', '财物', null, '1', null, '100000000060006', '*', null, null, null, '0,100000000060004,100000000060006', '*');
INSERT INTO "BASEFRAME"."SYS_RES" VALUES ('100000000150035', '维修', null, '2', null, '100000000060006', '*', null, null, null, '0,100000000060004,100000000060006', '*');
INSERT INTO "BASEFRAME"."SYS_RES" VALUES ('100000000150037', '使用率', null, '3', null, '100000000060006', '*', null, null, null, '0,100000000060004,100000000060006', '*');
INSERT INTO "BASEFRAME"."SYS_RES" VALUES ('100000000150039', '设备使用', null, '1', null, '100000000060010', '*', null, null, null, '0,100000000060010', '*');
INSERT INTO "BASEFRAME"."SYS_RES" VALUES ('100000000150041', '管理主机', null, '2', null, '100000000060004', '/platform/permissions/sysuserhost/queryByUserId.do', null, null, null, '0,100000000060004', 'platform:sysuserhost:list');
INSERT INTO "BASEFRAME"."SYS_RES" VALUES ('100000000150043', '基本信息', null, '1', null, '100000000060012', '*', null, null, null, '0,100000000060012', '*');
INSERT INTO "BASEFRAME"."SYS_RES" VALUES ('100000000150045', '联系人管理', null, '2', null, '100000000060012', '*', null, null, null, '0,100000000060012', '*');
INSERT INTO "BASEFRAME"."SYS_RES" VALUES ('100000000200000', '主机配置', null, '8', null, '100000006890003', '/platform/permissions/syshostinfo/queryAll.do', null, null, null, '0,100000006890003', '*');
INSERT INTO "BASEFRAME"."SYS_RES" VALUES ('100000000200005', '列表', null, '1', null, '100000000200000', '*', null, null, null, '0,100000006890003,100000000200000', 'platform:syshostinfo:list');
INSERT INTO "BASEFRAME"."SYS_RES" VALUES ('100000000200008', '详情', null, '2', null, '100000000200000', '*', null, null, null, '0,100000006890003,100000000200000', 'platform:syshostinfo:get');
INSERT INTO "BASEFRAME"."SYS_RES" VALUES ('100000000200010', '删除', null, '3', null, '100000000200000', '*', null, null, null, '0,100000006890003,100000000200000', 'platform:syshostinfo:del');
INSERT INTO "BASEFRAME"."SYS_RES" VALUES ('100000000200012', '编辑', null, '4', null, '100000000200000', '*', null, null, null, '0,100000006890003,100000000200000', 'platform:syshostinfo:edit');
INSERT INTO "BASEFRAME"."SYS_RES" VALUES ('100000000200014', '添加', null, '5', null, '100000000200000', '*', null, null, null, '0,100000006890003,100000000200000', 'platform:syshostinfo:add');
INSERT INTO "BASEFRAME"."SYS_RES" VALUES ('100000000210005', '用户主机管理', null, '9', null, '100000006890003', '/platform/permissions/sysuserhost/queryAll.do', null, null, null, '0,100000006890003', '*');
INSERT INTO "BASEFRAME"."SYS_RES" VALUES ('100000000210009', '编辑', null, '2', null, '100000000210005', '*', null, null, null, '0,100000006890003,100000000210005', 'platform:sysuserhost:edit');
INSERT INTO "BASEFRAME"."SYS_RES" VALUES ('100000000210011', '列表', null, '3', null, '100000000210005', '*', null, null, null, '0,100000006890003,100000000210005', 'platform:sysuserhost:list');
INSERT INTO "BASEFRAME"."SYS_RES" VALUES ('100000000210013', '删除', null, '4', null, '100000000210005', '*', null, null, null, '0,100000006890003,100000000210005', 'platform:sysuserhost:del');
INSERT INTO "BASEFRAME"."SYS_RES" VALUES ('100000000210016', '详情', null, '5', null, '100000000210005', '*', null, null, null, '0,100000006890003,100000000210005', 'platform:sysuserhost:get');
INSERT INTO "BASEFRAME"."SYS_RES" VALUES ('100000006450006', '用户审核', null, '3', null, '0', null, null, null, null, '0', null);
INSERT INTO "BASEFRAME"."SYS_RES" VALUES ('100000006450008', '审核管理', null, '2', null, '100000006450006', '/platform/permissions/sysuser/auditList.do', null, null, null, '0,100000006450006', null);
INSERT INTO "BASEFRAME"."SYS_RES" VALUES ('100000006890001', '基础设置', null, '4', null, '0', null, null, null, null, '0', null);
INSERT INTO "BASEFRAME"."SYS_RES" VALUES ('100000006890003', '系统管理', null, '5', null, '0', null, null, null, null, '0', null);
INSERT INTO "BASEFRAME"."SYS_RES" VALUES ('100000006890005', '用户管理', null, '1', null, '100000006890003', '/platform/permissions/sysuser/queryAll.do', null, null, null, '0,100000006890003', null);
INSERT INTO "BASEFRAME"."SYS_RES" VALUES ('100000006890007', '资源管理', null, '2', null, '100000006890003', '/platform/permissions/sysres/tree.do', null, null, null, '0,100000006890003', null);
INSERT INTO "BASEFRAME"."SYS_RES" VALUES ('100000006890009', '分类管理', null, '1', null, '100000006890001', '/secrecy/basic/classifyinfo/tree.do', null, null, null, '0,100000006890001', null);
INSERT INTO "BASEFRAME"."SYS_RES" VALUES ('100000006950003', '角色管理', null, '3', null, '100000006890003', '/platform/permissions/sysrole/queryAll.do', null, null, null, '0,100000006890003', null);
INSERT INTO "BASEFRAME"."SYS_RES" VALUES ('100000006950006', '岗位管理', null, '4', null, '100000006890003', '/platform/permissions/sysposition/queryAll.do', null, null, null, '0,100000006890003', null);
INSERT INTO "BASEFRAME"."SYS_RES" VALUES ('100000006950017', '组织机构', null, '5', null, '100000006890003', '/platform/permissions/sysorg/tree.do', null, null, null, '0,100000006890003', null);
INSERT INTO "BASEFRAME"."SYS_RES" VALUES ('100000006950019', '代码生成', null, '6', null, '100000006890003', '/platform/core/gencode/forward.do', null, null, null, '0,100000006890003', null);
INSERT INTO "BASEFRAME"."SYS_RES" VALUES ('100000006950021', 'druid监控', null, '7', null, '100000006890003', '/druid/wall.html', null, null, null, '0,100000006890003', null);
INSERT INTO "BASEFRAME"."SYS_RES" VALUES ('100000007030003', '添加', null, '1', null, '100000006890005', '*', null, null, null, '0,100000006890003,100000006890005', 'platform:sysuser:add');
INSERT INTO "BASEFRAME"."SYS_RES" VALUES ('100000007030005', '编辑', null, '2', null, '100000006890005', '*', null, null, null, '0,100000006890003,100000006890005', 'platform:sysuser:edit');
INSERT INTO "BASEFRAME"."SYS_RES" VALUES ('100000007030007', '列表', null, '3', null, '100000006890005', '*', null, null, null, '0,100000006890003,100000006890005', 'platform:sysuser:list');
INSERT INTO "BASEFRAME"."SYS_RES" VALUES ('100000007030009', '删除', null, '4', null, '100000006890005', '*', null, null, null, '0,100000006890003,100000006890005', 'platform:sysuser:del');
INSERT INTO "BASEFRAME"."SYS_RES" VALUES ('100000007040105', '详情', null, '5', null, '100000006890005', '*', null, null, null, '0,100000006890003,100000006890005', 'platform:sysuser:get');
INSERT INTO "BASEFRAME"."SYS_RES" VALUES ('100000007050035', '添加', null, '1', null, '100000006950003', '*', null, null, null, '0,100000006890003,100000006950003', 'platform:sysrole:add');
INSERT INTO "BASEFRAME"."SYS_RES" VALUES ('100000007050038', '编辑', null, '2', null, '100000006950003', '*', null, null, null, '0,100000006890003,100000006950003', 'platform:sysrole:edit');
INSERT INTO "BASEFRAME"."SYS_RES" VALUES ('100000007050041', '删除', null, '3', null, '100000006950003', '*', null, null, null, '0,100000006890003,100000006950003', 'platform:sysrole:del');
INSERT INTO "BASEFRAME"."SYS_RES" VALUES ('100000007050045', '列表', null, '4', null, '100000006950003', '*', null, null, null, '0,100000006890003,100000006950003', 'platform:sysrole:list');
INSERT INTO "BASEFRAME"."SYS_RES" VALUES ('100000007050047', '详情', null, '5', null, '100000006950003', '*', null, null, null, '0,100000006890003,100000006950003', 'platform:sysrole:get');
INSERT INTO "BASEFRAME"."SYS_RES" VALUES ('100000007050091', '添加', null, '1', null, '100000006950006', '*', null, null, null, '0,100000006890003,100000006950006', 'platform:sysposition:add');
INSERT INTO "BASEFRAME"."SYS_RES" VALUES ('100000007050094', '编辑', null, '2', null, '100000006950006', '*', null, null, null, '0,100000006890003,100000006950006', 'platform:sysposition:edit');
INSERT INTO "BASEFRAME"."SYS_RES" VALUES ('100000007050096', '删除', null, '3', null, '100000006950006', '*', null, null, null, '0,100000006890003,100000006950006', 'platform:sysposition:del');
INSERT INTO "BASEFRAME"."SYS_RES" VALUES ('100000007050099', '列表', null, '4', null, '100000006950006', '*', null, null, null, '0,100000006890003,100000006950006', 'platform:sysposition:list');
INSERT INTO "BASEFRAME"."SYS_RES" VALUES ('100000007050101', '详情', null, '5', null, '100000006950006', '*', null, null, null, '0,100000006890003,100000006950006', 'platform:sysposition:get');
INSERT INTO "BASEFRAME"."SYS_RES" VALUES ('100000007050201', '添加', null, '1', null, '100000006950017', '*', null, null, null, '0,100000006890003,100000006950017', 'platform:sysorg:add');
INSERT INTO "BASEFRAME"."SYS_RES" VALUES ('100000007050203', '编辑', null, '2', null, '100000006950017', '*', null, null, null, '0,100000006890003,100000006950017', 'platform:sysorg:edit');
INSERT INTO "BASEFRAME"."SYS_RES" VALUES ('100000007050205', '删除', null, '3', null, '100000006950017', '*', null, null, null, '0,100000006890003,100000006950017', 'platform:sysorg:del');
INSERT INTO "BASEFRAME"."SYS_RES" VALUES ('100000007050208', '详情', null, '4', null, '100000006950017', '*', null, null, null, '0,100000006890003,100000006950017', 'platform:sysorg:get');
INSERT INTO "BASEFRAME"."SYS_RES" VALUES ('100000007050210', '列表', null, '5', null, '100000006950017', '*', null, null, null, '0,100000006890003,100000006950017', 'platform:sysorg:list');
INSERT INTO "BASEFRAME"."SYS_RES" VALUES ('100000007070000', '添加', null, '1', null, '100000006890009', '*', null, null, null, '0,100000006890001,100000006890009', 'secrecy:classifyinfo:add');
INSERT INTO "BASEFRAME"."SYS_RES" VALUES ('100000007070002', '编辑', null, '2', null, '100000006890009', '*', null, null, null, '0,100000006890001,100000006890009', 'secrecy:classifyinfo:edit');
INSERT INTO "BASEFRAME"."SYS_RES" VALUES ('100000007070004', '删除', null, '3', null, '100000006890009', '*', null, null, null, '0,100000006890001,100000006890009', 'secrecy:classifyinfo:del');
INSERT INTO "BASEFRAME"."SYS_RES" VALUES ('100000007070007', '详情', null, '4', null, '100000006890009', '*', null, null, null, '0,100000006890001,100000006890009', 'secrecy:classifyinfo:get');
INSERT INTO "BASEFRAME"."SYS_RES" VALUES ('100000007070009', '列表', null, '5', null, '100000006890009', '*', null, null, null, '0,100000006890001,100000006890009', 'secrecy:classifyinfo:list');

-- ----------------------------
-- Table structure for SYS_ROLE
-- ----------------------------
DROP TABLE "BASEFRAME"."SYS_ROLE";
CREATE TABLE "BASEFRAME"."SYS_ROLE" (
"ID" NUMBER(18) NOT NULL ,
"SYSTEMID" NUMBER(18) NULL ,
"ALIAS" VARCHAR2(128 BYTE) NULL ,
"ROLENAME" VARCHAR2(128 BYTE) NULL ,
"REMARK" VARCHAR2(256 BYTE) NULL ,
"ALLOWDEL" NUMBER(22) NULL ,
"ALLOWEDIT" NUMBER(22) NULL ,
"ENABLED" NUMBER(22) NULL ,
"CREATEDATE" DATE NULL 
)
LOGGING
NOCOMPRESS
NOCACHE

;
COMMENT ON TABLE "BASEFRAME"."SYS_ROLE" IS '系统角色表';
COMMENT ON COLUMN "BASEFRAME"."SYS_ROLE"."SYSTEMID" IS '系统ID';
COMMENT ON COLUMN "BASEFRAME"."SYS_ROLE"."ALIAS" IS '角色别名';
COMMENT ON COLUMN "BASEFRAME"."SYS_ROLE"."ROLENAME" IS '角色名';
COMMENT ON COLUMN "BASEFRAME"."SYS_ROLE"."REMARK" IS '备注';
COMMENT ON COLUMN "BASEFRAME"."SYS_ROLE"."ALLOWDEL" IS '允许删除';
COMMENT ON COLUMN "BASEFRAME"."SYS_ROLE"."ALLOWEDIT" IS '允许编辑';
COMMENT ON COLUMN "BASEFRAME"."SYS_ROLE"."ENABLED" IS '"是否启用(0,禁止,1,启用)"';
COMMENT ON COLUMN "BASEFRAME"."SYS_ROLE"."CREATEDATE" IS '时间';

-- ----------------------------
-- Records of SYS_ROLE
-- ----------------------------
INSERT INTO "BASEFRAME"."SYS_ROLE" VALUES ('100000000160000', null, 'VIPUser', 'VIP用户', '用户VIP管理', null, null, null, null);
INSERT INTO "BASEFRAME"."SYS_ROLE" VALUES ('100000000180006', null, null, '普通用户', null, null, null, null, null);
INSERT INTO "BASEFRAME"."SYS_ROLE" VALUES ('100000000180009', null, null, '系统管理员', null, null, null, null, null);

-- ----------------------------
-- Table structure for SYS_ROLE_RES
-- ----------------------------
DROP TABLE "BASEFRAME"."SYS_ROLE_RES";
CREATE TABLE "BASEFRAME"."SYS_ROLE_RES" (
"ID" NUMBER(18) NOT NULL ,
"ROLEID" NUMBER(18) NULL ,
"RESID" NUMBER(18) NULL 
)
LOGGING
NOCOMPRESS
NOCACHE

;
COMMENT ON TABLE "BASEFRAME"."SYS_ROLE_RES" IS '角色资源映射';
COMMENT ON COLUMN "BASEFRAME"."SYS_ROLE_RES"."ID" IS 'Id';
COMMENT ON COLUMN "BASEFRAME"."SYS_ROLE_RES"."ROLEID" IS '角色id';
COMMENT ON COLUMN "BASEFRAME"."SYS_ROLE_RES"."RESID" IS '资源id';

-- ----------------------------
-- Records of SYS_ROLE_RES
-- ----------------------------
INSERT INTO "BASEFRAME"."SYS_ROLE_RES" VALUES ('100000000150047', '100000000180006', '100000000060014');
INSERT INTO "BASEFRAME"."SYS_ROLE_RES" VALUES ('100000000150048', '100000000180006', '100000000060012');
INSERT INTO "BASEFRAME"."SYS_ROLE_RES" VALUES ('100000000150049', '100000000180006', '100000000150045');
INSERT INTO "BASEFRAME"."SYS_ROLE_RES" VALUES ('100000000150050', '100000000180006', '100000000150043');
INSERT INTO "BASEFRAME"."SYS_ROLE_RES" VALUES ('100000000150051', '100000000180006', '100000000060010');
INSERT INTO "BASEFRAME"."SYS_ROLE_RES" VALUES ('100000000150052', '100000000180006', '100000000150039');
INSERT INTO "BASEFRAME"."SYS_ROLE_RES" VALUES ('100000000150053', '100000000180006', '100000000060006');
INSERT INTO "BASEFRAME"."SYS_ROLE_RES" VALUES ('100000000150054', '100000000180006', '100000000150037');
INSERT INTO "BASEFRAME"."SYS_ROLE_RES" VALUES ('100000000150055', '100000000180006', '100000000150035');
INSERT INTO "BASEFRAME"."SYS_ROLE_RES" VALUES ('100000000150056', '100000000180006', '100000000150033');
INSERT INTO "BASEFRAME"."SYS_ROLE_RES" VALUES ('100000000150057', '100000000180006', '100000000060004');
INSERT INTO "BASEFRAME"."SYS_ROLE_RES" VALUES ('100000000150058', '100000000180006', '100000000150041');
INSERT INTO "BASEFRAME"."SYS_ROLE_RES" VALUES ('100000000150059', '100000000180006', '100000000150031');
INSERT INTO "BASEFRAME"."SYS_ROLE_RES" VALUES ('100000000210018', '100000000180009', '100000006890003');
INSERT INTO "BASEFRAME"."SYS_ROLE_RES" VALUES ('100000000210019', '100000000180009', '100000006950021');
INSERT INTO "BASEFRAME"."SYS_ROLE_RES" VALUES ('100000000210020', '100000000180009', '100000006950019');
INSERT INTO "BASEFRAME"."SYS_ROLE_RES" VALUES ('100000000210021', '100000000180009', '100000006950017');
INSERT INTO "BASEFRAME"."SYS_ROLE_RES" VALUES ('100000000210022', '100000000180009', '100000007050210');
INSERT INTO "BASEFRAME"."SYS_ROLE_RES" VALUES ('100000000210023', '100000000180009', '100000007050208');
INSERT INTO "BASEFRAME"."SYS_ROLE_RES" VALUES ('100000000210024', '100000000180009', '100000007050205');
INSERT INTO "BASEFRAME"."SYS_ROLE_RES" VALUES ('100000000210025', '100000000180009', '100000007050203');
INSERT INTO "BASEFRAME"."SYS_ROLE_RES" VALUES ('100000000210026', '100000000180009', '100000007050201');
INSERT INTO "BASEFRAME"."SYS_ROLE_RES" VALUES ('100000000210027', '100000000180009', '100000006950006');
INSERT INTO "BASEFRAME"."SYS_ROLE_RES" VALUES ('100000000210028', '100000000180009', '100000007050101');
INSERT INTO "BASEFRAME"."SYS_ROLE_RES" VALUES ('100000000210029', '100000000180009', '100000007050099');
INSERT INTO "BASEFRAME"."SYS_ROLE_RES" VALUES ('100000000210030', '100000000180009', '100000007050096');
INSERT INTO "BASEFRAME"."SYS_ROLE_RES" VALUES ('100000000210031', '100000000180009', '100000007050094');
INSERT INTO "BASEFRAME"."SYS_ROLE_RES" VALUES ('100000000210032', '100000000180009', '100000007050091');
INSERT INTO "BASEFRAME"."SYS_ROLE_RES" VALUES ('100000000210033', '100000000180009', '100000006950003');
INSERT INTO "BASEFRAME"."SYS_ROLE_RES" VALUES ('100000000210034', '100000000180009', '100000007050047');
INSERT INTO "BASEFRAME"."SYS_ROLE_RES" VALUES ('100000000210035', '100000000180009', '100000007050045');
INSERT INTO "BASEFRAME"."SYS_ROLE_RES" VALUES ('100000000210036', '100000000180009', '100000007050041');
INSERT INTO "BASEFRAME"."SYS_ROLE_RES" VALUES ('100000000210037', '100000000180009', '100000007050038');
INSERT INTO "BASEFRAME"."SYS_ROLE_RES" VALUES ('100000000210038', '100000000180009', '100000007050035');
INSERT INTO "BASEFRAME"."SYS_ROLE_RES" VALUES ('100000000210039', '100000000180009', '100000006890007');
INSERT INTO "BASEFRAME"."SYS_ROLE_RES" VALUES ('100000000210040', '100000000180009', '100000006890005');
INSERT INTO "BASEFRAME"."SYS_ROLE_RES" VALUES ('100000000210041', '100000000180009', '100000007040105');
INSERT INTO "BASEFRAME"."SYS_ROLE_RES" VALUES ('100000000210042', '100000000180009', '100000007030009');
INSERT INTO "BASEFRAME"."SYS_ROLE_RES" VALUES ('100000000210043', '100000000180009', '100000007030007');
INSERT INTO "BASEFRAME"."SYS_ROLE_RES" VALUES ('100000000210044', '100000000180009', '100000007030005');
INSERT INTO "BASEFRAME"."SYS_ROLE_RES" VALUES ('100000000210045', '100000000180009', '100000007030003');
INSERT INTO "BASEFRAME"."SYS_ROLE_RES" VALUES ('100000000210046', '100000000180009', '100000000210005');
INSERT INTO "BASEFRAME"."SYS_ROLE_RES" VALUES ('100000000210047', '100000000180009', '100000000210016');
INSERT INTO "BASEFRAME"."SYS_ROLE_RES" VALUES ('100000000210048', '100000000180009', '100000000210013');
INSERT INTO "BASEFRAME"."SYS_ROLE_RES" VALUES ('100000000210049', '100000000180009', '100000000210011');
INSERT INTO "BASEFRAME"."SYS_ROLE_RES" VALUES ('100000000210050', '100000000180009', '100000000210009');
INSERT INTO "BASEFRAME"."SYS_ROLE_RES" VALUES ('100000000210051', '100000000180009', '100000000210007');
INSERT INTO "BASEFRAME"."SYS_ROLE_RES" VALUES ('100000000210052', '100000000180009', '100000000200000');
INSERT INTO "BASEFRAME"."SYS_ROLE_RES" VALUES ('100000000210053', '100000000180009', '100000000200014');
INSERT INTO "BASEFRAME"."SYS_ROLE_RES" VALUES ('100000000210054', '100000000180009', '100000000200012');
INSERT INTO "BASEFRAME"."SYS_ROLE_RES" VALUES ('100000000210055', '100000000180009', '100000000200010');
INSERT INTO "BASEFRAME"."SYS_ROLE_RES" VALUES ('100000000210056', '100000000180009', '100000000200008');
INSERT INTO "BASEFRAME"."SYS_ROLE_RES" VALUES ('100000000210057', '100000000180009', '100000000200005');
INSERT INTO "BASEFRAME"."SYS_ROLE_RES" VALUES ('100000000210058', '100000000180009', '100000006890001');
INSERT INTO "BASEFRAME"."SYS_ROLE_RES" VALUES ('100000000210059', '100000000180009', '100000006890009');
INSERT INTO "BASEFRAME"."SYS_ROLE_RES" VALUES ('100000000210060', '100000000180009', '100000007070009');
INSERT INTO "BASEFRAME"."SYS_ROLE_RES" VALUES ('100000000210061', '100000000180009', '100000007070007');
INSERT INTO "BASEFRAME"."SYS_ROLE_RES" VALUES ('100000000210062', '100000000180009', '100000007070004');
INSERT INTO "BASEFRAME"."SYS_ROLE_RES" VALUES ('100000000210063', '100000000180009', '100000007070002');
INSERT INTO "BASEFRAME"."SYS_ROLE_RES" VALUES ('100000000210064', '100000000180009', '100000007070000');
INSERT INTO "BASEFRAME"."SYS_ROLE_RES" VALUES ('100000000210065', '100000000180009', '100000006450006');
INSERT INTO "BASEFRAME"."SYS_ROLE_RES" VALUES ('100000000210066', '100000000180009', '100000006450008');
INSERT INTO "BASEFRAME"."SYS_ROLE_RES" VALUES ('100000000210067', '100000000180009', '100000000060014');
INSERT INTO "BASEFRAME"."SYS_ROLE_RES" VALUES ('100000000210068', '100000000180009', '100000000060012');
INSERT INTO "BASEFRAME"."SYS_ROLE_RES" VALUES ('100000000210069', '100000000180009', '100000000150045');
INSERT INTO "BASEFRAME"."SYS_ROLE_RES" VALUES ('100000000210070', '100000000180009', '100000000150043');
INSERT INTO "BASEFRAME"."SYS_ROLE_RES" VALUES ('100000000210071', '100000000180009', '100000000060010');
INSERT INTO "BASEFRAME"."SYS_ROLE_RES" VALUES ('100000000210072', '100000000180009', '100000000150039');
INSERT INTO "BASEFRAME"."SYS_ROLE_RES" VALUES ('100000000210073', '100000000180009', '100000000060006');
INSERT INTO "BASEFRAME"."SYS_ROLE_RES" VALUES ('100000000210074', '100000000180009', '100000000150037');
INSERT INTO "BASEFRAME"."SYS_ROLE_RES" VALUES ('100000000210075', '100000000180009', '100000000150035');
INSERT INTO "BASEFRAME"."SYS_ROLE_RES" VALUES ('100000000210076', '100000000180009', '100000000150033');
INSERT INTO "BASEFRAME"."SYS_ROLE_RES" VALUES ('100000000210077', '100000000180009', '100000000060004');
INSERT INTO "BASEFRAME"."SYS_ROLE_RES" VALUES ('100000000210078', '100000000180009', '100000000150041');
INSERT INTO "BASEFRAME"."SYS_ROLE_RES" VALUES ('100000000210079', '100000000180009', '100000000150031');
INSERT INTO "BASEFRAME"."SYS_ROLE_RES" VALUES ('100000006740002', '100000000180014', '100000006450006');
INSERT INTO "BASEFRAME"."SYS_ROLE_RES" VALUES ('100000006740003', '100000000180014', '100000006450008');
INSERT INTO "BASEFRAME"."SYS_ROLE_RES" VALUES ('100000006740004', '100000000180017', '100000006450006');
INSERT INTO "BASEFRAME"."SYS_ROLE_RES" VALUES ('100000006740005', '100000000180017', '100000006450008');

-- ----------------------------
-- Table structure for SYS_SUBSYSTEM
-- ----------------------------
DROP TABLE "BASEFRAME"."SYS_SUBSYSTEM";
CREATE TABLE "BASEFRAME"."SYS_SUBSYSTEM" (
"ID" NUMBER(18) NOT NULL ,
"SYSNAME" VARCHAR2(50 BYTE) NOT NULL ,
"ALIAS" VARCHAR2(20 BYTE) NULL ,
"LOGO" VARCHAR2(50 BYTE) NULL ,
"DEFAULTURL" VARCHAR2(50 BYTE) NULL ,
"MEMO" VARCHAR2(200 BYTE) NULL ,
"CREATETIME" DATE NULL ,
"CREATOR" VARCHAR2(20 BYTE) NULL ,
"ALLOWDEL" NUMBER(22) NULL ,
"ISACTIVE" NUMBER(22) NULL 
)
LOGGING
NOCOMPRESS
NOCACHE

;
COMMENT ON TABLE "BASEFRAME"."SYS_SUBSYSTEM" IS '子系统管理';
COMMENT ON COLUMN "BASEFRAME"."SYS_SUBSYSTEM"."ID" IS '主键';
COMMENT ON COLUMN "BASEFRAME"."SYS_SUBSYSTEM"."SYSNAME" IS '系统名称';
COMMENT ON COLUMN "BASEFRAME"."SYS_SUBSYSTEM"."ALIAS" IS '别名(系统中唯一)';
COMMENT ON COLUMN "BASEFRAME"."SYS_SUBSYSTEM"."LOGO" IS '系统的图标';
COMMENT ON COLUMN "BASEFRAME"."SYS_SUBSYSTEM"."DEFAULTURL" IS '系统首页地址';
COMMENT ON COLUMN "BASEFRAME"."SYS_SUBSYSTEM"."MEMO" IS '备注';
COMMENT ON COLUMN "BASEFRAME"."SYS_SUBSYSTEM"."CREATETIME" IS '创建时间';
COMMENT ON COLUMN "BASEFRAME"."SYS_SUBSYSTEM"."CREATOR" IS '创建人';
COMMENT ON COLUMN "BASEFRAME"."SYS_SUBSYSTEM"."ALLOWDEL" IS '允许删除';
COMMENT ON COLUMN "BASEFRAME"."SYS_SUBSYSTEM"."ISACTIVE" IS '是否激活';

-- ----------------------------
-- Records of SYS_SUBSYSTEM
-- ----------------------------

-- ----------------------------
-- Table structure for SYS_USER
-- ----------------------------
DROP TABLE "BASEFRAME"."SYS_USER";
CREATE TABLE "BASEFRAME"."SYS_USER" (
"ID" NUMBER(22) NOT NULL ,
"FULLNAME" VARCHAR2(500 BYTE) NULL ,
"ACCOUNT" VARCHAR2(500 BYTE) NULL ,
"PASSWORD" VARCHAR2(500 BYTE) NULL ,
"ISEXPIRED" NUMBER(20) NULL ,
"ISLOCK" NUMBER(20) NULL ,
"CREATEDATE" DATE NULL ,
"STATUS" NUMBER(20) DEFAULT 1  NULL ,
"EMAIL" VARCHAR2(500 BYTE) NULL ,
"MOBILE" VARCHAR2(500 BYTE) NULL ,
"PHONE" VARCHAR2(500 BYTE) NULL ,
"SEX" VARCHAR2(500 BYTE) NULL ,
"PICTURE" VARCHAR2(500 BYTE) NULL ,
"FROMTYPE" VARCHAR2(500 BYTE) NULL ,
"IDCARD" VARCHAR2(200 BYTE) NULL ,
"COMPANY" VARCHAR2(255 BYTE) NULL 
)
LOGGING
NOCOMPRESS
NOCACHE

;
COMMENT ON TABLE "BASEFRAME"."SYS_USER" IS '用户表';
COMMENT ON COLUMN "BASEFRAME"."SYS_USER"."FULLNAME" IS '姓名';
COMMENT ON COLUMN "BASEFRAME"."SYS_USER"."ACCOUNT" IS '帐号';
COMMENT ON COLUMN "BASEFRAME"."SYS_USER"."PASSWORD" IS '密码';
COMMENT ON COLUMN "BASEFRAME"."SYS_USER"."ISEXPIRED" IS '是否过期';
COMMENT ON COLUMN "BASEFRAME"."SYS_USER"."ISLOCK" IS '是否锁定';
COMMENT ON COLUMN "BASEFRAME"."SYS_USER"."CREATEDATE" IS '创建时间';
COMMENT ON COLUMN "BASEFRAME"."SYS_USER"."STATUS" IS '"状态 1=通过 0=未审核 -1=未通过 2=删除"';
COMMENT ON COLUMN "BASEFRAME"."SYS_USER"."EMAIL" IS '邮箱';
COMMENT ON COLUMN "BASEFRAME"."SYS_USER"."MOBILE" IS '手机';
COMMENT ON COLUMN "BASEFRAME"."SYS_USER"."PHONE" IS '电话';
COMMENT ON COLUMN "BASEFRAME"."SYS_USER"."SEX" IS '性别"1=男 0=女"';
COMMENT ON COLUMN "BASEFRAME"."SYS_USER"."PICTURE" IS ' 照片';
COMMENT ON COLUMN "BASEFRAME"."SYS_USER"."FROMTYPE" IS '数据来源:0-系统添加；1-系统同步；其他-未知';
COMMENT ON COLUMN "BASEFRAME"."SYS_USER"."IDCARD" IS '身份证号';
COMMENT ON COLUMN "BASEFRAME"."SYS_USER"."COMPANY" IS '单位名称';

-- ----------------------------
-- Records of SYS_USER
-- ----------------------------
INSERT INTO "BASEFRAME"."SYS_USER" VALUES ('100000007310001', '廖', 'liao', 'xMpCOKC5I4INzFCab3WEmw==', null, null, TO_DATE('2016-09-01 11:00:13', 'YYYY-MM-DD HH24:MI:SS'), '1', null, null, null, '1', null, null, null, null);
INSERT INTO "BASEFRAME"."SYS_USER" VALUES ('100000007370000', '测试单位', 'ceshidanwei', 'xMpCOKC5I4INzFCab3WEmw==', null, null, TO_DATE('2016-09-07 11:00:26', 'YYYY-MM-DD HH24:MI:SS'), '0', 'liao@71.com', '15702441111', null, '1', null, null, null, '系统工程');
INSERT INTO "BASEFRAME"."SYS_USER" VALUES ('100000007500004', '加远', 'jiayuan', 'xMpCOKC5I4INzFCab3WEmw==', null, null, TO_DATE('2016-09-14 15:48:06', 'YYYY-MM-DD HH24:MI:SS'), '1', 'jiayuan@qq.com', '15755558888', null, null, null, null, null, '中国航天系统工程');
INSERT INTO "BASEFRAME"."SYS_USER" VALUES ('1', '张', 'zhangxin', 'xMpCOKC5I4INzFCab3WEmw==', null, null, null, '1', null, null, null, null, null, null, null, null);
INSERT INTO "BASEFRAME"."SYS_USER" VALUES ('100000000060000', '普通用户', 'ptyh', 'xMpCOKC5I4INzFCab3WEmw==', null, null, null, '1', null, null, null, '1', null, null, '111111111111111111', null);
INSERT INTO "BASEFRAME"."SYS_USER" VALUES ('100000000180000', '远', 'liaojy', 'xMpCOKC5I4INzFCab3WEmw==', null, null, TO_DATE('2016-02-23 00:00:00', 'YYYY-MM-DD HH24:MI:SS'), '1', null, null, null, '1', null, null, null, null);
INSERT INTO "BASEFRAME"."SYS_USER" VALUES ('100000006730002', '贺贺', 'bhh', '1', null, null, TO_DATE('2016-02-23 00:00:00', 'YYYY-MM-DD HH24:MI:SS'), '1', '1', '1', '1', '0', '1', '0', null, null);
INSERT INTO "BASEFRAME"."SYS_USER" VALUES ('100000006800022', 'admin', 'admin', '1', null, null, null, '1', null, null, null, null, null, null, null, null);

-- ----------------------------
-- Table structure for SYS_USER_HOST
-- ----------------------------
DROP TABLE "BASEFRAME"."SYS_USER_HOST";
CREATE TABLE "BASEFRAME"."SYS_USER_HOST" (
"ID" NUMBER(22) NOT NULL ,
"NAME" VARCHAR2(22 BYTE) NULL ,
"USERID" NUMBER(22) NULL ,
"HOSTINFOID" NUMBER(22) NULL ,
"USERHOSTIP" VARCHAR2(22 BYTE) NULL ,
"REMARK" VARCHAR2(500 BYTE) NULL ,
"TYPE" VARCHAR2(20 BYTE) NULL ,
"CREATETIME" TIMESTAMP(7)  NULL ,
"STATUS" NUMBER(10) NULL 
)
LOGGING
NOCOMPRESS
NOCACHE

;
COMMENT ON TABLE "BASEFRAME"."SYS_USER_HOST" IS '用户主机表';
COMMENT ON COLUMN "BASEFRAME"."SYS_USER_HOST"."ID" IS 'ID';
COMMENT ON COLUMN "BASEFRAME"."SYS_USER_HOST"."NAME" IS '用户主机名称';
COMMENT ON COLUMN "BASEFRAME"."SYS_USER_HOST"."USERID" IS '用户ID';
COMMENT ON COLUMN "BASEFRAME"."SYS_USER_HOST"."HOSTINFOID" IS '主机信息ID';
COMMENT ON COLUMN "BASEFRAME"."SYS_USER_HOST"."USERHOSTIP" IS '分配的IP';
COMMENT ON COLUMN "BASEFRAME"."SYS_USER_HOST"."REMARK" IS '备注';
COMMENT ON COLUMN "BASEFRAME"."SYS_USER_HOST"."TYPE" IS '规模类型';
COMMENT ON COLUMN "BASEFRAME"."SYS_USER_HOST"."CREATETIME" IS '创建时间';
COMMENT ON COLUMN "BASEFRAME"."SYS_USER_HOST"."STATUS" IS '状态：0未启动1启动';

-- ----------------------------
-- Records of SYS_USER_HOST
-- ----------------------------
INSERT INTO "BASEFRAME"."SYS_USER_HOST" VALUES ('100000007510000', '小型主机', '100000000180000', '100000007320002', null, '我的小型主机', '小规模', TO_TIMESTAMP(' 2016-11-24 17:47:32:9640000', 'YYYY-MM-DD HH24:MI:SS:FF7'), null);
INSERT INTO "BASEFRAME"."SYS_USER_HOST" VALUES ('100000007320003', '大型主机Ⅰ', '1', '100000007320000', null, '大型主机Ⅰ', '大型', TO_TIMESTAMP(' 2016-09-01 11:34:20:7490000', 'YYYY-MM-DD HH24:MI:SS:FF7'), null);
INSERT INTO "BASEFRAME"."SYS_USER_HOST" VALUES ('100000007330005', '小规模主机', '1', '100000007320002', null, '这是一个小规模主机', '小规模', TO_TIMESTAMP(' 2016-09-01 13:31:15:0560000', 'YYYY-MM-DD HH24:MI:SS:FF7'), null);
INSERT INTO "BASEFRAME"."SYS_USER_HOST" VALUES ('100000007330006', '中型主机', '1', '100000007320001', null, '这确实是一个中型主机', '中型', TO_TIMESTAMP(' 2016-09-01 13:31:49:7730000', 'YYYY-MM-DD HH24:MI:SS:FF7'), null);
INSERT INTO "BASEFRAME"."SYS_USER_HOST" VALUES ('100000007340004', '大型主机', '100000000180000', '100000007320000', null, '大型主机', '大型', TO_TIMESTAMP(' 2016-09-01 15:28:19:1360000', 'YYYY-MM-DD HH24:MI:SS:FF7'), '0');
INSERT INTO "BASEFRAME"."SYS_USER_HOST" VALUES ('100000007340005', '中型主机', '100000000180000', '100000007320001', '172.16.100.102', '我的中型主机', '中型', TO_TIMESTAMP(' 2016-09-01 16:03:02:3850000', 'YYYY-MM-DD HH24:MI:SS:FF7'), '1');
INSERT INTO "BASEFRAME"."SYS_USER_HOST" VALUES ('100000007350002', '去去去', '100000000060000', '100000007320000', null, '前期', '大型', TO_TIMESTAMP(' 2016-09-02 09:57:21:8410000', 'YYYY-MM-DD HH24:MI:SS:FF7'), null);
INSERT INTO "BASEFRAME"."SYS_USER_HOST" VALUES ('100000007350000', '大型主机', '100000000060000', '100000007320000', null, '第一个主机', '大型', TO_TIMESTAMP(' 2016-09-02 09:55:11:1770000', 'YYYY-MM-DD HH24:MI:SS:FF7'), null);
INSERT INTO "BASEFRAME"."SYS_USER_HOST" VALUES ('100000007350001', 'dddd', '100000000060000', '100000007320001', null, null, '中型', TO_TIMESTAMP(' 2016-09-02 09:56:35:4560000', 'YYYY-MM-DD HH24:MI:SS:FF7'), null);

-- ----------------------------
-- Table structure for SYS_USER_ORG
-- ----------------------------
DROP TABLE "BASEFRAME"."SYS_USER_ORG";
CREATE TABLE "BASEFRAME"."SYS_USER_ORG" (
"ID" NUMBER(18) NOT NULL ,
"ORGID" NUMBER(18) NULL ,
"USERID" NUMBER(18) NULL 
)
LOGGING
NOCOMPRESS
NOCACHE

;
COMMENT ON TABLE "BASEFRAME"."SYS_USER_ORG" IS '用户部门';
COMMENT ON COLUMN "BASEFRAME"."SYS_USER_ORG"."ID" IS 'id';
COMMENT ON COLUMN "BASEFRAME"."SYS_USER_ORG"."ORGID" IS '组织id';
COMMENT ON COLUMN "BASEFRAME"."SYS_USER_ORG"."USERID" IS '用户id';

-- ----------------------------
-- Records of SYS_USER_ORG
-- ----------------------------
INSERT INTO "BASEFRAME"."SYS_USER_ORG" VALUES ('100000006750000', '100000006520012', '100000006730002');
INSERT INTO "BASEFRAME"."SYS_USER_ORG" VALUES ('100000007170000', '100000006520010', '100000006960022');
INSERT INTO "BASEFRAME"."SYS_USER_ORG" VALUES ('100000007170001', '100000006520014', '100000006960022');
INSERT INTO "BASEFRAME"."SYS_USER_ORG" VALUES ('100000007170012', '100000006520012', '100000006960031');

-- ----------------------------
-- Table structure for SYS_USER_POS
-- ----------------------------
DROP TABLE "BASEFRAME"."SYS_USER_POS";
CREATE TABLE "BASEFRAME"."SYS_USER_POS" (
"ID" NUMBER(18) NOT NULL ,
"POSID" NUMBER(18) NULL ,
"USERID" NUMBER(18) NULL 
)
LOGGING
NOCOMPRESS
NOCACHE

;
COMMENT ON TABLE "BASEFRAME"."SYS_USER_POS" IS '用户岗位表';
COMMENT ON COLUMN "BASEFRAME"."SYS_USER_POS"."POSID" IS '岗位id';
COMMENT ON COLUMN "BASEFRAME"."SYS_USER_POS"."USERID" IS '用户ID';

-- ----------------------------
-- Records of SYS_USER_POS
-- ----------------------------
INSERT INTO "BASEFRAME"."SYS_USER_POS" VALUES ('100000006860001', '100000006650001', '1');
INSERT INTO "BASEFRAME"."SYS_USER_POS" VALUES ('100000006820006', '100000006690006', '100000006800022');
INSERT INTO "BASEFRAME"."SYS_USER_POS" VALUES ('100000006820007', '100000006690006', '100000006850000');
INSERT INTO "BASEFRAME"."SYS_USER_POS" VALUES ('100000006860002', '100000006650000', '100000006730002');
INSERT INTO "BASEFRAME"."SYS_USER_POS" VALUES ('100000007190000', '100000007180000', '100000006960022');
INSERT INTO "BASEFRAME"."SYS_USER_POS" VALUES ('100000007190001', '100000007140009', '100000006960022');
INSERT INTO "BASEFRAME"."SYS_USER_POS" VALUES ('100000007190002', '100000007140006', '100000006960022');
INSERT INTO "BASEFRAME"."SYS_USER_POS" VALUES ('100000007170011', '100000007170006', '100000006960031');

-- ----------------------------
-- Table structure for SYS_USER_ROLE
-- ----------------------------
DROP TABLE "BASEFRAME"."SYS_USER_ROLE";
CREATE TABLE "BASEFRAME"."SYS_USER_ROLE" (
"ID" NUMBER(18) NOT NULL ,
"ROLEID" NUMBER(18) NULL ,
"USERID" NUMBER(18) NULL 
)
LOGGING
NOCOMPRESS
NOCACHE

;
COMMENT ON TABLE "BASEFRAME"."SYS_USER_ROLE" IS '用户角色映射表';
COMMENT ON COLUMN "BASEFRAME"."SYS_USER_ROLE"."ID" IS 'Id';
COMMENT ON COLUMN "BASEFRAME"."SYS_USER_ROLE"."ROLEID" IS '角色ID';
COMMENT ON COLUMN "BASEFRAME"."SYS_USER_ROLE"."USERID" IS '用户ID';

-- ----------------------------
-- Records of SYS_USER_ROLE
-- ----------------------------
INSERT INTO "BASEFRAME"."SYS_USER_ROLE" VALUES ('100000007190005', '100000000180009', '1');
INSERT INTO "BASEFRAME"."SYS_USER_ROLE" VALUES ('100000007310000', '100000000180009', '100000000180000');
INSERT INTO "BASEFRAME"."SYS_USER_ROLE" VALUES ('100000007410045', '100000000180009', '100000006800022');
INSERT INTO "BASEFRAME"."SYS_USER_ROLE" VALUES ('100000007410043', '100000000180006', '100000007370000');
INSERT INTO "BASEFRAME"."SYS_USER_ROLE" VALUES ('100000007410044', '100000000180006', '100000007310001');
INSERT INTO "BASEFRAME"."SYS_USER_ROLE" VALUES ('100000007410046', '100000000180009', '100000006730002');
INSERT INTO "BASEFRAME"."SYS_USER_ROLE" VALUES ('100000007410047', '100000000180006', '100000000060000');
INSERT INTO "BASEFRAME"."SYS_USER_ROLE" VALUES ('100000007500005', '100000000180006', '100000007500004');

-- ----------------------------
-- Indexes structure for table CATEGORYINFO
-- ----------------------------

-- ----------------------------
-- Checks structure for table CATEGORYINFO
-- ----------------------------
ALTER TABLE "BASEFRAME"."CATEGORYINFO" ADD CHECK ("CATEGORYID" IS NOT NULL);
ALTER TABLE "BASEFRAME"."CATEGORYINFO" ADD CHECK ("CATEGORYID" IS NOT NULL);

-- ----------------------------
-- Primary Key structure for table CATEGORYINFO
-- ----------------------------
ALTER TABLE "BASEFRAME"."CATEGORYINFO" ADD PRIMARY KEY ("CATEGORYID");

-- ----------------------------
-- Indexes structure for table PRODUCTINFO
-- ----------------------------

-- ----------------------------
-- Checks structure for table PRODUCTINFO
-- ----------------------------
ALTER TABLE "BASEFRAME"."PRODUCTINFO" ADD CHECK ("PRODUCTID" IS NOT NULL);
ALTER TABLE "BASEFRAME"."PRODUCTINFO" ADD CHECK ("PRODUCTID" IS NOT NULL);

-- ----------------------------
-- Primary Key structure for table PRODUCTINFO
-- ----------------------------
ALTER TABLE "BASEFRAME"."PRODUCTINFO" ADD PRIMARY KEY ("PRODUCTID");

-- ----------------------------
-- Indexes structure for table PRODUCTINFO_TEM
-- ----------------------------

-- ----------------------------
-- Checks structure for table PRODUCTINFO_TEM
-- ----------------------------
ALTER TABLE "BASEFRAME"."PRODUCTINFO_TEM" ADD CHECK ("PRODUCTID" IS NOT NULL);
ALTER TABLE "BASEFRAME"."PRODUCTINFO_TEM" ADD CHECK ("PRODUCTID" IS NOT NULL);

-- ----------------------------
-- Primary Key structure for table PRODUCTINFO_TEM
-- ----------------------------
ALTER TABLE "BASEFRAME"."PRODUCTINFO_TEM" ADD PRIMARY KEY ("PRODUCTID");

-- ----------------------------
-- Indexes structure for table SEC_CLASSIFY_INFO
-- ----------------------------

-- ----------------------------
-- Checks structure for table SEC_CLASSIFY_INFO
-- ----------------------------
ALTER TABLE "BASEFRAME"."SEC_CLASSIFY_INFO" ADD CHECK ("ID" IS NOT NULL);
ALTER TABLE "BASEFRAME"."SEC_CLASSIFY_INFO" ADD CHECK ("ID" IS NOT NULL);

-- ----------------------------
-- Primary Key structure for table SEC_CLASSIFY_INFO
-- ----------------------------
ALTER TABLE "BASEFRAME"."SEC_CLASSIFY_INFO" ADD PRIMARY KEY ("ID");

-- ----------------------------
-- Indexes structure for table SEC_CLASSIFY_ORG
-- ----------------------------

-- ----------------------------
-- Checks structure for table SEC_CLASSIFY_ORG
-- ----------------------------
ALTER TABLE "BASEFRAME"."SEC_CLASSIFY_ORG" ADD CHECK ("ID" IS NOT NULL);
ALTER TABLE "BASEFRAME"."SEC_CLASSIFY_ORG" ADD CHECK ("ID" IS NOT NULL);

-- ----------------------------
-- Primary Key structure for table SEC_CLASSIFY_ORG
-- ----------------------------
ALTER TABLE "BASEFRAME"."SEC_CLASSIFY_ORG" ADD PRIMARY KEY ("ID");

-- ----------------------------
-- Indexes structure for table SYS_GENID
-- ----------------------------

-- ----------------------------
-- Checks structure for table SYS_GENID
-- ----------------------------
ALTER TABLE "BASEFRAME"."SYS_GENID" ADD CHECK ("ID" IS NOT NULL);
ALTER TABLE "BASEFRAME"."SYS_GENID" ADD CHECK ("ID" IS NOT NULL);

-- ----------------------------
-- Primary Key structure for table SYS_GENID
-- ----------------------------
ALTER TABLE "BASEFRAME"."SYS_GENID" ADD PRIMARY KEY ("ID");

-- ----------------------------
-- Indexes structure for table SYS_HOST_INFO
-- ----------------------------

-- ----------------------------
-- Checks structure for table SYS_HOST_INFO
-- ----------------------------
ALTER TABLE "BASEFRAME"."SYS_HOST_INFO" ADD CHECK ("ID" IS NOT NULL);
ALTER TABLE "BASEFRAME"."SYS_HOST_INFO" ADD CHECK ("ID" IS NOT NULL);

-- ----------------------------
-- Primary Key structure for table SYS_HOST_INFO
-- ----------------------------
ALTER TABLE "BASEFRAME"."SYS_HOST_INFO" ADD PRIMARY KEY ("ID");

-- ----------------------------
-- Indexes structure for table SYS_LOG
-- ----------------------------

-- ----------------------------
-- Checks structure for table SYS_LOG
-- ----------------------------
ALTER TABLE "BASEFRAME"."SYS_LOG" ADD CHECK ("ID" IS NOT NULL);
ALTER TABLE "BASEFRAME"."SYS_LOG" ADD CHECK ("ID" IS NOT NULL);

-- ----------------------------
-- Primary Key structure for table SYS_LOG
-- ----------------------------
ALTER TABLE "BASEFRAME"."SYS_LOG" ADD PRIMARY KEY ("ID");

-- ----------------------------
-- Indexes structure for table SYS_ORG
-- ----------------------------

-- ----------------------------
-- Checks structure for table SYS_ORG
-- ----------------------------
ALTER TABLE "BASEFRAME"."SYS_ORG" ADD CHECK ("ID" IS NOT NULL);
ALTER TABLE "BASEFRAME"."SYS_ORG" ADD CHECK ("ID" IS NOT NULL);

-- ----------------------------
-- Primary Key structure for table SYS_ORG
-- ----------------------------
ALTER TABLE "BASEFRAME"."SYS_ORG" ADD PRIMARY KEY ("ID");

-- ----------------------------
-- Indexes structure for table SYS_ORG_POS
-- ----------------------------

-- ----------------------------
-- Checks structure for table SYS_ORG_POS
-- ----------------------------
ALTER TABLE "BASEFRAME"."SYS_ORG_POS" ADD CHECK ("ID" IS NOT NULL);
ALTER TABLE "BASEFRAME"."SYS_ORG_POS" ADD CHECK ("ID" IS NOT NULL);

-- ----------------------------
-- Primary Key structure for table SYS_ORG_POS
-- ----------------------------
ALTER TABLE "BASEFRAME"."SYS_ORG_POS" ADD PRIMARY KEY ("ID");

-- ----------------------------
-- Indexes structure for table SYS_POS_ROLE
-- ----------------------------

-- ----------------------------
-- Checks structure for table SYS_POS_ROLE
-- ----------------------------
ALTER TABLE "BASEFRAME"."SYS_POS_ROLE" ADD CHECK ("ID" IS NOT NULL);
ALTER TABLE "BASEFRAME"."SYS_POS_ROLE" ADD CHECK ("ID" IS NOT NULL);

-- ----------------------------
-- Primary Key structure for table SYS_POS_ROLE
-- ----------------------------
ALTER TABLE "BASEFRAME"."SYS_POS_ROLE" ADD PRIMARY KEY ("ID");

-- ----------------------------
-- Indexes structure for table SYS_POSITION
-- ----------------------------

-- ----------------------------
-- Checks structure for table SYS_POSITION
-- ----------------------------
ALTER TABLE "BASEFRAME"."SYS_POSITION" ADD CHECK ("ID" IS NOT NULL);
ALTER TABLE "BASEFRAME"."SYS_POSITION" ADD CHECK ("POSNAME" IS NOT NULL);
ALTER TABLE "BASEFRAME"."SYS_POSITION" ADD CHECK ("ID" IS NOT NULL);
ALTER TABLE "BASEFRAME"."SYS_POSITION" ADD CHECK ("POSNAME" IS NOT NULL);

-- ----------------------------
-- Primary Key structure for table SYS_POSITION
-- ----------------------------
ALTER TABLE "BASEFRAME"."SYS_POSITION" ADD PRIMARY KEY ("ID");

-- ----------------------------
-- Indexes structure for table SYS_RES
-- ----------------------------

-- ----------------------------
-- Checks structure for table SYS_RES
-- ----------------------------
ALTER TABLE "BASEFRAME"."SYS_RES" ADD CHECK ("ID" IS NOT NULL);
ALTER TABLE "BASEFRAME"."SYS_RES" ADD CHECK ("ID" IS NOT NULL);

-- ----------------------------
-- Primary Key structure for table SYS_RES
-- ----------------------------
ALTER TABLE "BASEFRAME"."SYS_RES" ADD PRIMARY KEY ("ID");

-- ----------------------------
-- Indexes structure for table SYS_ROLE
-- ----------------------------

-- ----------------------------
-- Checks structure for table SYS_ROLE
-- ----------------------------
ALTER TABLE "BASEFRAME"."SYS_ROLE" ADD CHECK ("ID" IS NOT NULL);
ALTER TABLE "BASEFRAME"."SYS_ROLE" ADD CHECK ("ID" IS NOT NULL);

-- ----------------------------
-- Primary Key structure for table SYS_ROLE
-- ----------------------------
ALTER TABLE "BASEFRAME"."SYS_ROLE" ADD PRIMARY KEY ("ID");

-- ----------------------------
-- Indexes structure for table SYS_ROLE_RES
-- ----------------------------

-- ----------------------------
-- Checks structure for table SYS_ROLE_RES
-- ----------------------------
ALTER TABLE "BASEFRAME"."SYS_ROLE_RES" ADD CHECK ("ID" IS NOT NULL);
ALTER TABLE "BASEFRAME"."SYS_ROLE_RES" ADD CHECK ("ID" IS NOT NULL);

-- ----------------------------
-- Primary Key structure for table SYS_ROLE_RES
-- ----------------------------
ALTER TABLE "BASEFRAME"."SYS_ROLE_RES" ADD PRIMARY KEY ("ID");

-- ----------------------------
-- Indexes structure for table SYS_SUBSYSTEM
-- ----------------------------

-- ----------------------------
-- Checks structure for table SYS_SUBSYSTEM
-- ----------------------------
ALTER TABLE "BASEFRAME"."SYS_SUBSYSTEM" ADD CHECK ("ID" IS NOT NULL);
ALTER TABLE "BASEFRAME"."SYS_SUBSYSTEM" ADD CHECK ("SYSNAME" IS NOT NULL);
ALTER TABLE "BASEFRAME"."SYS_SUBSYSTEM" ADD CHECK ("ID" IS NOT NULL);
ALTER TABLE "BASEFRAME"."SYS_SUBSYSTEM" ADD CHECK ("SYSNAME" IS NOT NULL);

-- ----------------------------
-- Primary Key structure for table SYS_SUBSYSTEM
-- ----------------------------
ALTER TABLE "BASEFRAME"."SYS_SUBSYSTEM" ADD PRIMARY KEY ("ID");

-- ----------------------------
-- Indexes structure for table SYS_USER
-- ----------------------------
CREATE INDEX "BASEFRAME"."AAA"
ON "BASEFRAME"."SYS_USER" ("FULLNAME" ASC)
COMPRESS 1
REVERSE
LOGGING
VISIBLE;
CREATE INDEX "BASEFRAME"."BBB"
ON "BASEFRAME"."SYS_USER" ("ACCOUNT" ASC)
COMPRESS 1
REVERSE
LOGGING
VISIBLE;

-- ----------------------------
-- Checks structure for table SYS_USER
-- ----------------------------
ALTER TABLE "BASEFRAME"."SYS_USER" ADD CHECK ("ID" IS NOT NULL);
ALTER TABLE "BASEFRAME"."SYS_USER" ADD CHECK ("ID" IS NOT NULL);

-- ----------------------------
-- Primary Key structure for table SYS_USER
-- ----------------------------
ALTER TABLE "BASEFRAME"."SYS_USER" ADD PRIMARY KEY ("ID");

-- ----------------------------
-- Checks structure for table SYS_USER_HOST
-- ----------------------------
ALTER TABLE "BASEFRAME"."SYS_USER_HOST" ADD CHECK ("ID" IS NOT NULL);
ALTER TABLE "BASEFRAME"."SYS_USER_HOST" ADD CHECK ("ID" IS NOT NULL);

-- ----------------------------
-- Indexes structure for table SYS_USER_ORG
-- ----------------------------

-- ----------------------------
-- Checks structure for table SYS_USER_ORG
-- ----------------------------
ALTER TABLE "BASEFRAME"."SYS_USER_ORG" ADD CHECK ("ID" IS NOT NULL);
ALTER TABLE "BASEFRAME"."SYS_USER_ORG" ADD CHECK ("ID" IS NOT NULL);

-- ----------------------------
-- Primary Key structure for table SYS_USER_ORG
-- ----------------------------
ALTER TABLE "BASEFRAME"."SYS_USER_ORG" ADD PRIMARY KEY ("ID");

-- ----------------------------
-- Indexes structure for table SYS_USER_POS
-- ----------------------------

-- ----------------------------
-- Checks structure for table SYS_USER_POS
-- ----------------------------
ALTER TABLE "BASEFRAME"."SYS_USER_POS" ADD CHECK ("ID" IS NOT NULL);
ALTER TABLE "BASEFRAME"."SYS_USER_POS" ADD CHECK ("ID" IS NOT NULL);

-- ----------------------------
-- Primary Key structure for table SYS_USER_POS
-- ----------------------------
ALTER TABLE "BASEFRAME"."SYS_USER_POS" ADD PRIMARY KEY ("ID");

-- ----------------------------
-- Indexes structure for table SYS_USER_ROLE
-- ----------------------------

-- ----------------------------
-- Checks structure for table SYS_USER_ROLE
-- ----------------------------
ALTER TABLE "BASEFRAME"."SYS_USER_ROLE" ADD CHECK ("ID" IS NOT NULL);
ALTER TABLE "BASEFRAME"."SYS_USER_ROLE" ADD CHECK ("ID" IS NOT NULL);

-- ----------------------------
-- Primary Key structure for table SYS_USER_ROLE
-- ----------------------------
ALTER TABLE "BASEFRAME"."SYS_USER_ROLE" ADD PRIMARY KEY ("ID");
